직무,회사,지역,회사 공고 url
2023년 한화시스템 위성분야 대규모 채용의 전체 세부 정보,한화그룹,서울,https://kr.indeed.com/rc/clk?jk=6bdd7ff1cbc8d07b&fccid=bd0dc1817223394f&vjs=3
파이썬 개발자 초중급 이상의 전체 세부 정보,데이터앤솔루션,서울 서초구,https://kr.indeed.com/rc/clk?jk=d158e683dc0b7500&fccid=02f32b94107c54e3&vjs=3
코딩 학원 전임 강사 (파이썬  c언어)의 전체 세부 정보,코딩하는아이들컴퓨터학원,서울 은평구,https://kr.indeed.com/rc/clk?jk=383402de76b44db8&fccid=1130149944b9cae6&vjs=3
Quantitative Researcher의 전체 세부 정보,WorldQuant,서울,https://kr.indeed.com/rc/clk?jk=e7e8586d716fcf24&fccid=08487f979320ebae&vjs=3
2023년 서초구 4차산업 소프트웨어 과정의 전체 세부 정보,노브레이크,서울 성동구,https://kr.indeed.com/rc/clk?jk=6380f7a6cfdd766d&fccid=ae7ab7a8520c9d67&vjs=3
[인공지능기업] 머신러닝 병역특례 전문연구요원의 전체 세부 정보,딥브레인에이아이,서울,https://kr.indeed.com/rc/clk?jk=28cb699ec609130e&fccid=302172cb32d33ddc&vjs=3
주식운용본부 개발자 인턴의 전체 세부 정보,템피스투자자문,서울 중구,https://kr.indeed.com/rc/clk?jk=eff6ea41cd03227e&fccid=72393c066dfbc4f8&vjs=3
백엔드 및 프론트 개발자 (Node.js)의 전체 세부 정보,9시뉴스,서울 금천구,https://kr.indeed.com/rc/clk?jk=dc284ed207f853d9&fccid=475590e9833d49bc&vjs=3
빅데이터/통계사무원의 전체 세부 정보,통계코리아,서울 서초구,https://kr.indeed.com/rc/clk?jk=8433cce337c5cf18&fccid=3ba610c35ef68a66&vjs=3
데이터표준품질부문 경력직 (정규직)의 전체 세부 정보,한국정보기술단,서울 강남구,https://kr.indeed.com/rc/clk?jk=78b97e23de61aff9&fccid=99925e8e7b9604cc&vjs=3
[올라핀테크] 핀테크 플랫폼 Python(파이썬) 개발자의 전체 세부 정보,주식회사 올라핀테크 관심기업,서울 논현동,https://kr.indeed.com/rc/clk?jk=83afc0063130f3f2&fccid=ee9199e84b45d22f&vjs=3
디지털 휴먼을 위한 AI 기반 애니메이션 연구원 모집의 전체 세부 정보,엔씨소프트,성남 판교역,https://kr.indeed.com/rc/clk?jk=a8e60b4009a00c63&fccid=a1e4e21b1f33cf40&vjs=3
LINE Messaging Server Engineer의 전체 세부 정보,LINE Plus corporation,대한민국,https://kr.indeed.com/rc/clk?jk=c3f58be0b4504f23&fccid=e90e80bc9ed9a53f&vjs=3
Machine Learning Engineer의 전체 세부 정보,Match Group,서울,https://kr.indeed.com/rc/clk?jk=762985679f930d8f&fccid=47feb0effe4ed4f2&vjs=3
[엔픽스플러스] 3D애니메이터  모델링  렌더 합성 신입/경력의 전체 세부 정보,엔픽스플러스,서울 금천구,https://kr.indeed.com/rc/clk?jk=649ccd65fd35e43a&fccid=b7d666a000f379a0&vjs=3
파이썬(python) 백엔드 개발자 (전문연구요원 가능)의 전체 세부 정보,아토머스,서울 강남구,https://kr.indeed.com/rc/clk?jk=240326a26bd13bf2&fccid=660bbb21789ab63d&vjs=3
코딩강사 경력 프리랜서  위촉직  알바의 전체 세부 정보,플레이소프트일산백마센터영재코딩학원,고양 일산동구,https://kr.indeed.com/rc/clk?jk=d55c4fb0657284b6&fccid=0c8e006f3c19cd35&vjs=3
IT 부트캠프  테킷 스쿨 4과정 교육생의 전체 세부 정보,멋쟁이사자처럼,서울 종로구,https://kr.indeed.com/rc/clk?jk=8a52390467b3946a&fccid=f39c0682c9813dfb&vjs=3
[농심NDS] 클라우드 운영 경력사원의 전체 세부 정보,엔디에스,서울 동작구,https://kr.indeed.com/rc/clk?jk=c3c8dc920bfdb584&fccid=9b433e523e2bf7b0&vjs=3
KAIST 설명가능 인공지능연구센터 위촉연구원 채용공고 (Explainable AI 솔루션 개발)의 전체 세부 정보,카이스트,대전 유성구,https://kr.indeed.com/rc/clk?jk=df5ef5403f4a4594&fccid=fa74dbe28e96a04f&vjs=3
신입 3 8004 500만원 인공지능 S/W 개발자의 전체 세부 정보,뉴로컴즈,서울 도화동,https://kr.indeed.com/rc/clk?jk=70830b2ee658b5d0&fccid=4fcc067d8b54fe3b&vjs=3
융합기술학제학부 ‘창의적 사고 랩’ 연구실(연구직)의 전체 세부 정보,광주과학기술원,광주 북구,https://kr.indeed.com/rc/clk?jk=9e62f6e3a171f105&fccid=617504e506359426&vjs=3
의료영상처리 SW개발자를 모십니다.의 전체 세부 정보,(주)휴톰 관심기업,서울 대흥동,https://kr.indeed.com/rc/clk?jk=b85a2b6cef910136&fccid=667cf6cbd3cba549&vjs=3
[우량 리서치 회사] 사회공공조사 리서처 3년 이상의 전체 세부 정보,그레이프 파트너즈,서울 서초구,https://kr.indeed.com/rc/clk?jk=dd321c47deaeef06&fccid=e4111ad0459bc402&vjs=3
[통계코리아]공학계열 출신 통계 분석 사무원의 전체 세부 정보,통계코리아,서울 서초구,https://kr.indeed.com/rc/clk?jk=4ac6d75c64300757&fccid=3ba610c35ef68a66&vjs=3
자바  파이썬  스프링  웹 개발자 과정 훈련 강사의 전체 세부 정보,하이미디어디자인학원,성남 중원구,https://kr.indeed.com/rc/clk?jk=cb9db203ac4032e8&fccid=b14b111aec0d3c52&vjs=3
[쿠팡풀필먼트서비스] HR Data 관리자의 전체 세부 정보,Coupang,서울,https://kr.indeed.com/rc/clk?jk=544c14c948f1163d&fccid=56e12959d04ef145&vjs=3
GC녹십자지놈LIMS팀의 전체 세부 정보,녹십자지놈,용인 기흥구,https://kr.indeed.com/rc/clk?jk=4d6d1f847c6a86f6&fccid=04db861701a301dc&vjs=3
파이썬SW 금융분야 특화 챗봇 개발 함께 할 엔지니어의 전체 세부 정보,파운트,서울 충정로역,https://kr.indeed.com/rc/clk?jk=ffd9cedb23e97344&fccid=df5e7ec512668ebf&vjs=3
진짜 마케터가 되고싶은 퍼포먼스 마케터의 전체 세부 정보,큐브릭코퍼레이션,서울 논현동,https://kr.indeed.com/rc/clk?jk=5a4943fa0e4b5012&fccid=3b8fc389096e56b1&vjs=3
DGIST 뉴바이올로지전공 계약직 연구원 공개 초빙 공고의 전체 세부 정보,대구경북과학기술원,대구 현풍면,https://kr.indeed.com/rc/clk?jk=f691152cd759bceb&fccid=a0e87e3780944019&vjs=3
웹 기반 백엔드 또는 프론트앤드 개발 가능자의 전체 세부 정보,플라잉스톤,대구 동구,https://kr.indeed.com/rc/clk?jk=4d34ba54d18b2a62&fccid=e6bed3924003cf18&vjs=3
[무료]인공지능 개발 위한 파이썬 - 구직준비 연수과정의 전체 세부 정보,한국IT교육원,대구 동구,https://kr.indeed.com/rc/clk?jk=5631f058d3b1c3a5&fccid=5b183b5823c7b7b5&vjs=3
게임기술 PM의 전체 세부 정보,NHN,성남 판교역,https://kr.indeed.com/rc/clk?jk=7b5db1e81b851fa2&fccid=cc378bd7bc831eca&vjs=3
한국문화기술연구소 위촉연구원 (시간제)의 전체 세부 정보,광주과학기술원,광주 북구,https://kr.indeed.com/rc/clk?jk=356edacc7a8c00ed&fccid=617504e506359426&vjs=3
융합기술학제학부 인간중심 지능형 시스템 연구실(연구직)의 전체 세부 정보,광주과학기술원,광주 북구,https://kr.indeed.com/rc/clk?jk=199a3837a58b1218&fccid=617504e506359426&vjs=3
SI  SM  R&D 경력 정규직의 전체 세부 정보,코어디아이티,서울,https://kr.indeed.com/rc/clk?jk=30278b054662084d&fccid=a35a71417e4b6700&vjs=3
AWS 클라우드 기반의 개발자의 전체 세부 정보,주식회사 디오티스 관심기업,서울 가락동,https://kr.indeed.com/rc/clk?jk=8f7810cdfe9f76a5&fccid=1b882e4657a2e96a&vjs=3
소프트컴퓨팅&인터랙션 연구실 계약직 연구원의 전체 세부 정보,광주과학기술원,광주 북구,https://kr.indeed.com/rc/clk?jk=10f505fa78da5167&fccid=617504e506359426&vjs=3
포인드(주) 인공지능·딥러닝 개발자 (경력)의 전체 세부 정보,포인드,경상북도 구미,https://kr.indeed.com/rc/clk?jk=d662089b63f9cd63&fccid=8c06ac232e35577e&vjs=3
개발자의 전체 세부 정보,체인지포인트,서울 송파구,https://kr.indeed.com/rc/clk?jk=412f4a4caf6af454&fccid=aa6442bc3280ba74&vjs=3
함께 할 프로그래머 (경력)의 전체 세부 정보,에프에스,대전 유성구,https://kr.indeed.com/rc/clk?jk=44b6080076036aad&fccid=cedd68d69b371a61&vjs=3
SoC 하드웨어 설계/제어_SoC 응용기술팀 모집의 전체 세부 정보,지니틱스 관심기업 코스닥,용인 영덕동,https://kr.indeed.com/rc/clk?jk=c6553c6e7617ed7e&fccid=be3553764a6a8a05&vjs=3
프로그래밍  컴퓨터 외 신입/경력 정규직  계약직  알바의 전체 세부 정보,디엔씨,경상북도 안동,https://kr.indeed.com/rc/clk?jk=2a193570c72063b2&fccid=c27456e1066a45c5&vjs=3
융합기술학제학부 인간중심 지능형 시스템 연구실 (시간제 위촉연구원)의 전체 세부 정보,광주과학기술원,광주 북구,https://kr.indeed.com/rc/clk?jk=19ba3e6ed4512292&fccid=617504e506359426&vjs=3
지구환경공학부 환경시스템공학 연구실 박사후연구원의 전체 세부 정보,광주과학기술원,광주 북구,https://kr.indeed.com/rc/clk?jk=017c5df900f2f905&fccid=617504e506359426&vjs=3
임베디드 펌웨어 개발자의 전체 세부 정보,황성공업,김제 백구면,https://kr.indeed.com/rc/clk?jk=64c026edc9c3953e&fccid=c2d22f7b89737252&vjs=3
웹GIS 서비스 개발 경력자의 전체 세부 정보,업데이터,성남 수정구,https://kr.indeed.com/rc/clk?jk=37896940aa0ae226&fccid=aa1eaf099dc55fc7&vjs=3
코딩강의 및 콘텐츠 개발 직원의 전체 세부 정보,미소능력개발센터,전주 완산구,https://kr.indeed.com/rc/clk?jk=3d5b90e959725333&fccid=a125c5f683a07979&vjs=3
GIST 고등광기술연구소의 전체 세부 정보,광주과학기술원,광주 북구,https://kr.indeed.com/rc/clk?jk=69f7e4ca822b9a8b&fccid=617504e506359426&vjs=3
포인드(주) 인공지능·딥러닝 개발자 (신입)의 전체 세부 정보,포인드,경상북도 구미,https://kr.indeed.com/rc/clk?jk=2ff5f775ddadd13f&fccid=8c06ac232e35577e&vjs=3
기업부설연구소 연구원 경력 정규직의 전체 세부 정보,이룸에스엔에스,경기도 부천,https://kr.indeed.com/rc/clk?jk=7a4a03e57d1263a2&fccid=56bc9acea1bc8fe0&vjs=3
[(주)인브레인에이아이] Android  iOS 외 경력 정규직의 전체 세부 정보,인브레인에이아이,서울 금천구,https://kr.indeed.com/rc/clk?jk=27e78d108c59c27a&fccid=fcfaa1d6661c9175&vjs=3
[2020 대한민국 상생일자리 온라인 박람회] 프로그래밍 & 사무자동화 강사의 전체 세부 정보,등용문직업전문학교,전주 완산구,https://kr.indeed.com/rc/clk?jk=2be2a75526f98941&fccid=289235e0967d41a0&vjs=3
포인드(주) 인공지능·딥러닝 개발자 (경력)의 전체 세부 정보,포인드,경상북도 구미,https://kr.indeed.com/rc/clk?jk=d662089b63f9cd63&fccid=8c06ac232e35577e&vjs=3
개발자의 전체 세부 정보,체인지포인트,서울 송파구,https://kr.indeed.com/rc/clk?jk=412f4a4caf6af454&fccid=aa6442bc3280ba74&vjs=3
함께 할 프로그래머 (경력)의 전체 세부 정보,에프에스,대전 유성구,https://kr.indeed.com/rc/clk?jk=44b6080076036aad&fccid=cedd68d69b371a61&vjs=3
융합기술학제학부 인간중심 지능형 시스템 연구실 (시간제 위촉연구원)의 전체 세부 정보,광주과학기술원,광주 북구,https://kr.indeed.com/rc/clk?jk=19ba3e6ed4512292&fccid=617504e506359426&vjs=3
SoC 하드웨어 설계/제어_SoC 응용기술팀 모집의 전체 세부 정보,지니틱스 관심기업 코스닥,용인 영덕동,https://kr.indeed.com/rc/clk?jk=c6553c6e7617ed7e&fccid=be3553764a6a8a05&vjs=3
프로그래밍  컴퓨터 외 신입/경력 정규직  계약직  알바의 전체 세부 정보,디엔씨,경상북도 안동,https://kr.indeed.com/rc/clk?jk=2a193570c72063b2&fccid=c27456e1066a45c5&vjs=3
지구환경공학부 환경시스템공학 연구실 박사후연구원의 전체 세부 정보,광주과학기술원,광주 북구,https://kr.indeed.com/rc/clk?jk=017c5df900f2f905&fccid=617504e506359426&vjs=3
임베디드 펌웨어 개발자의 전체 세부 정보,황성공업,김제 백구면,https://kr.indeed.com/rc/clk?jk=64c026edc9c3953e&fccid=c2d22f7b89737252&vjs=3
웹GIS 서비스 개발 경력자의 전체 세부 정보,업데이터,성남 수정구,https://kr.indeed.com/rc/clk?jk=37896940aa0ae226&fccid=aa1eaf099dc55fc7&vjs=3
코딩강의 및 콘텐츠 개발 직원의 전체 세부 정보,미소능력개발센터,전주 완산구,https://kr.indeed.com/rc/clk?jk=3d5b90e959725333&fccid=a125c5f683a07979&vjs=3
GIST 고등광기술연구소의 전체 세부 정보,광주과학기술원,광주 북구,https://kr.indeed.com/rc/clk?jk=69f7e4ca822b9a8b&fccid=617504e506359426&vjs=3
포인드(주) 인공지능·딥러닝 개발자 (신입)의 전체 세부 정보,포인드,경상북도 구미,https://kr.indeed.com/rc/clk?jk=2ff5f775ddadd13f&fccid=8c06ac232e35577e&vjs=3
[(주)인브레인에이아이] Android  iOS 외 경력 정규직의 전체 세부 정보,인브레인에이아이,서울 금천구,https://kr.indeed.com/rc/clk?jk=27e78d108c59c27a&fccid=fcfaa1d6661c9175&vjs=3
[2020 대한민국 상생일자리 온라인 박람회] 프로그래밍 & 사무자동화 강사의 전체 세부 정보,등용문직업전문학교,전주 완산구,https://kr.indeed.com/rc/clk?jk=2be2a75526f98941&fccid=289235e0967d41a0&vjs=3
기업부설연구소 연구원 경력 정규직의 전체 세부 정보,이룸에스엔에스,경기도 부천,https://kr.indeed.com/rc/clk?jk=7a4a03e57d1263a2&fccid=56bc9acea1bc8fe0&vjs=3
